Parameters: d=list, fids=453,,,,,,,,
WorkbookID,SystemIDs,Filename,FileSize,AddedTime,StartDate,StopDate,Days,Status,Permanent
0,,GreenFeed_Summarized_Data_453.xlsx,9450,2/1/2026 11:39,12/18/2025,2/1/2026,46,autorun,1
4775,"453,454,560",2022-01-01_to_2024-10-30_for_fids_453_454_560_temp.xlsx,3793331,10/31/2024 15:57,1/1/2022,10/30/2024,1034,completed,0
8395,"453,454,560",2023-11-28_to_2024-01-19_for_fids_453_454_560_temp.xlsx,466197,9/12/2025 13:39,11/28/2023,1/19/2024,53,completed,0
8396,"453,454,560",2023-11-28_to_2024-01-19_for_fids_453_454_560_temp.xlsx,466207,9/12/2025 13:48,11/28/2023,1/19/2024,53,completed,0
8200,"453,454,560",2024-07-01_to_2024-07-31_for_fids_453_454_560_temp.xlsx,248428,8/27/2025 17:05,7/1/2024,7/31/2024,31,completed,0
8201,"453,454,560",2024-07-01_to_2024-08-31_for_fids_453_454_560_temp.xlsx,424354,8/27/2025 17:06,7/1/2024,8/31/2024,62,completed,0
4983,"453,454,560",2024-07-08_to_2024-07-10_for_fids_453_454_560_temp.xlsx,109091,11/20/2024 1:50,7/8/2024,7/10/2024,3,completed,0
4791,453,2024-07-08_to_2024-07-10_for_fids_453_temp.xlsx,47069,11/4/2024 1:36,7/8/2024,7/10/2024,3,completed,0
4391,"453,454,560",2024-09-09_to_2024-09-11_for_fids_453_454_560_temp.xlsx,114201,9/23/2024 16:45,9/9/2024,9/11/2024,3,completed,0
8668,"453,454,560",2024-09-30_to_2024-10-02_for_fids_453_454_560_temp.xlsx,108848,10/7/2025 0:05,9/30/2024,10/2/2024,3,completed,0
6486,"453,454,560",2025-02-26_to_2025-04-10_for_fids_453_454_560_temp.xlsx,1334159,4/22/2025 15:10,2/26/2025,4/10/2025,44,completed,0
6488,"453,454,560",2025-02-26_to_2025-04-10_for_fids_453_454_560_temp.xlsx,1334150,4/22/2025 15:11,2/26/2025,4/10/2025,44,completed,0
8613,"453,454,560",2025-06-09_to_2025-09-19_for_fids_453_454_560_temp.xlsx,4193333,9/30/2025 18:45,6/9/2025,9/19/2025,103,completed,0
7954,"453,454,560",2025-07-23_to_2025-08-06_for_fids_453_454_560_temp.xlsx,607782,8/6/2025 19:14,7/23/2025,8/6/2025,15,completed,0
8954,"453,454,560",2025-10-13_to_2025-10-28_for_fids_453_454_560_temp.xlsx,361472,10/28/2025 14:28,10/13/2025,10/28/2025,16,completed,0
697131,"453,454,560",2025-11-03_to_2025-11-17_for_fids_453_454_560_temp.xlsx,421993,11/17/2025 17:58,11/3/2025,11/17/2025,15,completed,0
697086,"453,454,560",2025-11-04_to_2025-11-13_for_fids_453_454_560_temp.xlsx,273678,11/13/2025 2:12,11/4/2025,11/13/2025,10,completed,0
1338,453,GreenFeed_Summarized_Data_453.xlsm,517763,9/22/2023 21:21,10/4/2022,8/30/2023,331,completed,1
3350,453,GreenFeed_Summarized_Data_453_2024_05_06_to_2024_05_12.xlsx,5167676,6/12/2024 15:22,5/6/2024,5/12/2024,7,completed,1
3355,453,GreenFeed_Summarized_Data_453_2024_05_13_to_2024_05_19.xlsx,5173278,6/12/2024 15:24,5/13/2024,5/19/2024,7,completed,1
3517,453,GreenFeed_Summarized_Data_453_2024_05_20_to_2024_05_26.xlsx,5173849,6/28/2024 17:02,5/20/2024,5/26/2024,7,completed,1
3572,453,GreenFeed_Summarized_Data_453_2024_05_27_to_2024_06_02.xlsx,5173599,7/3/2024 18:40,5/27/2024,6/2/2024,7,completed,1
3651,453,GreenFeed_Summarized_Data_453_2024_06_03_to_2024_06_09.xlsx,5173289,7/10/2024 21:32,6/3/2024,6/9/2024,7,completed,1
4161,"453,454,560",GreenFeed_Summarized_Data_453_454_560_2024_07_08_to_2024_08_01.xlsx,6243289,8/28/2024 17:17,7/8/2024,8/1/2024,25,completed,1
4449,"453,454,560",GreenFeed_Summarized_Data_453_454_560_2024_08_19_to_2024_08_21.xlsx,6007987,10/2/2024 19:57,8/19/2024,8/21/2024,3,completed,1
4450,"453,454,560",GreenFeed_Summarized_Data_453_454_560_2024_09_09_to_2024_09_11.xlsx,6014971,10/2/2024 19:57,9/9/2024,9/11/2024,3,completed,1
4848,"453,454,560",GreenFeed_Summarized_Data_453_454_560_2024_09_30_to_2024_10_02.xlsx,5991514,11/7/2024 20:02,9/30/2024,10/2/2024,3,completed,1
5461,"453,454,560",GreenFeed_Summarized_Data_453_454_560_2024_12_09_to_2024_12_11.xlsx,5913467,1/16/2025 21:43,12/9/2024,12/11/2024,3,completed,1
5652,"453,454,560",GreenFeed_Summarized_Data_453_454_560_2025_01_05_to_2025_01_08.xlsx,5901259,2/5/2025 15:39,1/5/2025,1/8/2025,4,completed,1
6045,"453,454,560",GreenFeed_Summarized_Data_453_454_560_2025_02_03_to_2025_02_05.xlsx,5904706,3/12/2025 17:32,2/3/2025,2/5/2025,3,completed,1
697447,"453,454,560",GreenFeed_Summarized_Data_453_454_560_2025_02_26_to_2025_04_10.xlsx,7987521,11/25/2025 10:50,2/26/2025,4/10/2025,44,completed,1
697448,"453,454,560",GreenFeed_Summarized_Data_453_454_560_2025_06_07_to_2025_10_11.xlsx,11616875,11/25/2025 10:50,6/7/2025,10/11/2025,127,completed,1
697931,"453,454,560",GreenFeed_Summarized_Data_453_454_560_2025_10_27_to_2025_11_15.xlsx,6317375,12/17/2025 13:45,10/27/2025,11/15/2025,20,completed,1
2205,"454,560,453",GreenFeed_Summarized_Data_453_560_454_2023_11_06_to_2023_11_29.xlsx,3963761,1/12/2024 14:40,11/6/2023,11/29/2023,24,completed,1
214,"453,454,560",GreenFeed_Summarized_Data_560_454_453_2023_07_03_to_2023_08_02.xlsx,6690799,8/24/2023 19:52,7/3/2023,8/2/2023,31,completed,1
789,"560,454,453",GreenFeed_Summarized_Data_560_454_453_2023_08_14_to_2023_08_16.xlsx,6628754,9/1/2023 20:21,8/14/2023,8/16/2023,3,completed,1
